date,fake,radical,sleepy,corrupt,Lamestream,y_range,,,,,,,
2020-01-08,0.00,0.00,0.00,0.00,0.00,"0,10",,,,,,,
2020-01-09,0.00,0.00,0.00,1.00,0.00,"0,10",,,,,,,
2020-01-10,0.00,1.00,0.00,2.00,0.00,"0,10",,,,,,,
2020-01-11,0.00,3.00,0.00,2.00,0.00,"0,10",,,,,,,
2020-01-12,0.00,4.00,0.00,3.00,0.00,"0,10",,,,,,,
2020-01-13,3.00,4.00,0.00,3.00,0.00,"0,10",,,,,,,
2020-01-14,3.00,4.00,0.00,4.00,0.00,"0,10",,,,,,,
2020-01-15,3.00,4.00,0.00,5.00,0.00,"0,10",,,,,,,
2020-01-16,3.00,4.00,0.00,6.00,0.00,"0,10",,,,,,,
2020-01-17,3.00,4.00,1.00,6.00,0.00,"0,10",,,,,,,
2020-01-18,4.00,4.00,1.00,6.00,0.00,"0,10",,,,,,,
2020-01-19,5.00,4.00,1.00,6.00,0.00,"0,10",,,,,,,
2020-01-20,5.00,4.00,1.00,8.00,0.00,"0,10",,,,,,,
2020-01-21,6.00,4.00,1.00,8.00,0.00,"0,10",,,,,,,
2020-01-22,7.00,4.00,1.00,8.00,0.00,"0,10",,,,,,,
2020-01-23,8.00,6.00,2.00,9.00,0.00,"0,10",,,,,,,
2020-01-24,8.00,8.00,2.00,9.00,0.00,"0,10",,,,,,,
2020-01-25,9.00,10.00,2.00,9.00,0.00,"0,10",,,,,,,
2020-01-26,11.00,11.00,4.00,12.00,0.00,"0,10",,,,,,,
2020-01-27,11.00,11.00,4.00,12.00,0.00,"0,10",,,,,,,
2020-01-28,12.00,11.00,4.00,12.00,0.00,"0,10",,,,,,,
2020-01-29,12.00,11.00,4.00,13.00,0.00,"0,10",,,,,,,
2020-01-30,13.00,11.00,4.00,14.00,0.00,"0,10",,,,,,,
2020-01-31,13.00,13.00,4.00,14.00,0.00,"0,10",,,,,,,
2020-02-01,15.00,13.00,4.00,14.00,0.00,"0,10",,,,,,,
2020-02-02,16.00,14.00,4.00,14.00,0.00,"0,20",,,,,,,
2020-02-03,16.00,15.00,4.00,15.00,0.00,"0,20",,,,,,,
2020-02-04,16.00,15.00,4.00,15.00,0.00,"0,20",,,,,,,
2020-02-05,16.00,15.00,4.00,15.00,0.00,"0,20",,,,,,,
2020-02-06,16.00,16.00,4.00,16.00,0.00,"0,20",,,,,,,
2020-02-07,16.00,16.00,5.00,16.00,0.00,"0,20",,,,,,,
2020-02-08,18.00,17.00,5.00,17.00,0.00,"0,20",,,,,,,
2020-02-09,20.00,17.00,5.00,17.00,0.00,"0,20",,,,,,,
2020-02-10,21.00,17.00,5.00,18.00,0.00,"0,20",,,,,,,
2020-02-11,21.00,17.00,5.00,18.00,0.00,"0,20",,,,,,,
2020-02-12,23.00,17.00,5.00,18.00,0.00,"0,20",,,,,,,
2020-02-13,23.00,17.00,5.00,18.00,0.00,"0,20",,,,,,,
2020-02-14,23.00,17.00,5.00,18.00,0.00,"0,20",,,,,,,
2020-02-15,23.00,17.00,5.00,18.00,0.00,"0,20",,,,,,,
2020-02-16,24.00,17.00,5.00,18.00,0.00,"0,20",,,,,,,
2020-02-17,24.00,17.00,5.00,18.00,0.00,"0,30",,,,,,,
2020-02-18,29.00,17.00,5.00,18.00,0.00,"0,30",,,,,,,
2020-02-19,30.00,17.00,5.00,20.00,0.00,"0,30",,,,,,,
2020-02-20,30.00,17.00,5.00,21.00,0.00,"0,30",,,,,,,
2020-02-21,31.00,19.00,5.00,21.00,0.00,"0,30",,,,,,,
2020-02-22,32.00,19.00,5.00,22.00,0.00,"0,30",,,,,,,
2020-02-23,33.00,19.00,5.00,23.00,0.00,"0,30",,,,,,,
2020-02-24,33.00,19.00,5.00,23.00,0.00,"0,30",,,,,,,
2020-02-25,34.00,19.00,5.00,24.00,0.00,"0,30",,,,,,,
2020-02-26,37.00,19.00,5.00,24.00,0.00,"0,30",,,,,,,
2020-02-27,37.00,19.00,5.00,24.00,0.00,"0,30",,,,,,,
2020-02-28,38.00,19.00,5.00,24.00,0.00,"0,40",,,,,,,
2020-02-29,39.00,19.00,5.00,24.00,0.00,"0,40",,,,,,,
2020-03-01,40.00,19.00,8.00,24.00,0.00,"0,40",,,,,,,
2020-03-02,41.00,20.00,10.00,24.00,0.00,"0,40",,,,,,,
2020-03-03,41.00,20.00,11.00,24.00,0.00,"0,40",,,,,,,
2020-03-04,41.00,20.00,14.00,24.00,0.00,"0,40",,,,,,,
2020-03-05,44.00,20.00,14.00,24.00,0.00,"0,40",,,,,,,
2020-03-06,45.00,20.00,15.00,24.00,0.00,"0,40",,,,,,,
2020-03-07,45.00,20.00,15.00,24.00,0.00,"0,40",,,,,,,
2020-03-08,47.00,20.00,16.00,24.00,0.00,"0,40",,,,,,,
2020-03-09,50.00,20.00,16.00,25.00,0.00,"0,50",,,,,,,
2020-03-10,51.00,20.00,16.00,26.00,0.00,"0,50",,,,,,,
2020-03-11,52.00,20.00,17.00,26.00,0.00,"0,50",,,,,,,
2020-03-12,52.00,20.00,17.00,26.00,0.00,"0,50",,,,,,,
2020-03-13,52.00,20.00,18.00,26.00,0.00,"0,50",,,,,,,
2020-03-14,52.00,20.00,18.00,26.00,0.00,"0,50",,,,,,,
2020-03-15,54.00,20.00,18.00,27.00,0.00,"0,50",,,,,,,
2020-03-16,54.00,20.00,18.00,27.00,0.00,"0,50",,,,,,,
2020-03-17,54.00,20.00,18.00,27.00,0.00,"0,60",,,,,,,
2020-03-18,56.00,20.00,19.00,28.00,0.00,"0,60",,,,,,,
2020-03-19,56.00,20.00,19.00,28.00,0.00,"0,60",,,,,,,
2020-03-20,56.00,20.00,19.00,28.00,0.00,"0,60",,,,,,,
2020-03-21,56.00,20.00,19.00,28.00,0.00,"0,60",,,,,,,
2020-03-22,57.00,20.00,19.00,28.00,0.00,"0,60",,,,,,,
2020-03-23,59.00,21.00,19.00,29.00,0.00,"0,60",,,,,,,
2020-03-24,60.00,21.00,21.00,29.00,0.00,"0,60",,,,,,,
2020-03-25,62.00,21.00,21.00,30.00,1.00,"0,60",,,,,,,
2020-03-26,62.00,21.00,21.00,30.00,1.00,"0,60",,,,,,,
2020-03-27,64.00,22.00,21.00,30.00,1.00,"0,60",,,,,,,
2020-03-28,70.00,22.00,21.00,33.00,4.00,"0,60",,,,,,,
2020-03-29,71.00,22.00,21.00,33.00,7.00,"0,60",,,,,,,
2020-03-30,71.00,22.00,21.00,33.00,7.00,"0,60",,,,,,,
2020-03-31,71.00,22.00,21.00,33.00,7.00,"0,60",,,,,,,
2020-04-01,71.00,22.00,21.00,33.00,7.00,"0,80",,,,,,,
2020-04-02,71.00,22.00,21.00,33.00,7.00,"0,80",,,,,,,
2020-04-03,71.00,22.00,21.00,33.00,7.00,"0,80",,,,,,,
2020-04-04,72.00,22.00,21.00,33.00,7.00,"0,80",,,,,,,
2020-04-05,73.00,22.00,21.00,33.00,7.00,"0,80",,,,,,,
2020-04-06,76.00,22.00,21.00,34.00,8.00,"0,80",,,,,,,
2020-04-07,77.00,22.00,21.00,34.00,8.00,"0,80",,,,,,,
2020-04-08,78.00,23.00,22.00,34.00,8.00,"0,80",,,,,,,
2020-04-09,79.00,23.00,22.00,34.00,8.00,"0,80",,,,,,,
2020-04-10,81.00,24.00,22.00,34.00,9.00,"0,80",,,,,,,
2020-04-11,85.00,25.00,23.00,34.00,10.00,"0,80",,,,,,,
2020-04-12,88.00,26.00,24.00,35.00,11.00,"0,80",,,,,,,
2020-04-13,92.00,26.00,24.00,36.00,12.00,"0,80",,,,,,,
2020-04-14,92.00,26.00,24.00,36.00,12.00,"0,80",,,,,,,
2020-04-15,92.00,26.00,24.00,36.00,12.00,"0,80",,,,,,,
2020-04-16,92.00,27.00,25.00,36.00,12.00,"0,80",,,,,,,
2020-04-17,92.00,28.00,25.00,36.00,12.00,"0,100",,,,,,,
2020-04-18,95.00,28.00,26.00,36.00,15.00,"0,100",,,,,,,
2020-04-19,95.00,28.00,26.00,36.00,15.00,"0,100",,,,,,,
2020-04-20,95.00,29.00,26.00,36.00,15.00,"0,100",,,,,,,
2020-04-21,98.00,29.00,26.00,37.00,16.00,"0,100",,,,,,,
2020-04-22,100.00,29.00,27.00,37.00,16.00,"0,100",,,,,,,
2020-04-23,100.00,29.00,27.00,37.00,16.00,"0,100",,,,,,,
2020-04-24,103.00,29.00,27.00,38.00,16.00,"0,100",,,,,,,
2020-04-25,107.00,29.00,27.00,39.00,18.00,"0,100",,,,,,,
2020-04-26,111.00,30.00,28.00,39.00,20.00,"0,100",,,,,,,
2020-04-27,113.00,30.00,28.00,39.00,21.00,"0,100",,,,,,,
2020-04-28,113.00,30.00,28.00,39.00,21.00,"0,100",,,,,,,
2020-04-29,114.00,30.00,28.00,39.00,21.00,"0,100",,,,,,,
2020-04-30,120.00,31.00,28.00,39.00,21.00,"0,150",,,,,,,
2020-05-01,121.00,31.00,28.00,40.00,21.00,"0,150",,,,,,,
2020-05-02,123.00,31.00,29.00,40.00,21.00,"0,150",,,,,,,
2020-05-03,126.00,31.00,29.00,41.00,22.00,"0,150",,,,,,,
2020-05-04,127.00,31.00,29.00,41.00,22.00,"0,150",,,,,,,
2020-05-05,129.00,31.00,29.00,41.00,24.00,"0,150",,,,,,,
2020-05-06,130.00,31.00,29.00,41.00,24.00,"0,150",,,,,,,
2020-05-07,130.00,31.00,29.00,41.00,24.00,"0,150",,,,,,,
2020-05-08,130.00,31.00,29.00,41.00,24.00,"0,150",,,,,,,
2020-05-09,130.00,31.00,29.00,41.00,24.00,"0,150",,,,,,,
2020-05-10,132.00,31.00,30.00,41.00,24.00,"0,150",,,,,,,
2020-05-11,134.00,31.00,33.00,44.00,26.00,"0,150",,,,,,,
2020-05-12,135.00,31.00,35.00,44.00,27.00,"0,150",,,,,,,
2020-05-13,136.00,31.00,35.00,44.00,27.00,"0,150",,,,,,,
2020-05-14,136.00,31.00,35.00,44.00,27.00,"0,150",,,,,,,
2020-05-15,138.00,31.00,35.00,44.00,27.00,"0,150",,,,,,,
2020-05-16,142.00,33.00,36.00,45.00,30.00,"0,150",,,,,,,
2020-05-17,144.00,33.00,37.00,49.00,32.00,"0,150",,,,,,,
2020-05-18,148.00,34.00,38.00,49.00,32.00,"0,150",,,,,,,
2020-05-19,148.00,34.00,38.00,49.00,32.00,"0,150",,,,,,,
2020-05-20,149.00,34.00,41.00,49.00,32.00,"0,150",,,,,,,
2020-05-21,149.00,34.00,42.00,49.00,32.00,"0,150",,,,,,,
2020-05-22,151.00,34.00,42.00,49.00,32.00,"0,150",,,,,,,
2020-05-23,151.00,34.00,44.00,49.00,32.00,"0,150",,,,,,,
2020-05-24,151.00,34.00,45.00,49.00,32.00,"0,150",,,,,,,
2020-05-25,153.00,34.00,49.00,51.00,32.00,"0,150",,,,,,,
2020-05-26,156.00,34.00,49.00,52.00,34.00,"0,150",,,,,,,
2020-05-27,157.00,35.00,49.00,53.00,35.00,"0,150",,,,,,,
2020-05-28,157.00,35.00,50.00,53.00,35.00,"0,150",,,,,,,
2020-05-29,157.00,37.00,50.00,53.00,35.00,"0,200",,,,,,,
2020-05-30,159.00,38.00,50.00,53.00,35.00,"0,200",,,,,,,
2020-05-31,160.00,39.00,52.00,53.00,36.00,"0,200",,,,,,,
2020-06-01,161.00,41.00,53.00,53.00,36.00,"0,200",,,,,,,
2020-06-02,162.00,42.00,54.00,53.00,36.00,"0,200",,,,,,,
2020-06-03,168.00,44.00,54.00,55.00,38.00,"0,200",,,,,,,
2020-06-04,169.00,45.00,55.00,56.00,38.00,"0,200",,,,,,,
2020-06-05,169.00,45.00,57.00,56.00,38.00,"0,200",,,,,,,
2020-06-06,169.00,46.00,57.00,56.00,39.00,"0,200",,,,,,,
2020-06-07,171.00,48.00,61.00,56.00,39.00,"0,200",,,,,,,
2020-06-08,174.00,50.00,61.00,56.00,40.00,"0,200",,,,,,,
2020-06-09,174.00,50.00,61.00,56.00,40.00,"0,200",,,,,,,
2020-06-10,174.00,51.00,62.00,56.00,40.00,"0,200",,,,,,,
2020-06-11,174.00,57.00,63.00,56.00,40.00,"0,200",,,,,,,
2020-06-12,175.00,58.00,63.00,56.00,41.00,"0,200",,,,,,,
2020-06-13,176.00,58.00,63.00,56.00,41.00,"0,200",,,,,,,
2020-06-14,178.00,60.00,63.00,56.00,41.00,"0,200",,,,,,,
2020-06-15,179.00,60.00,63.00,56.00,41.00,"0,200",,,,,,,
2020-06-16,179.00,61.00,63.00,56.00,41.00,"0,200",,,,,,,
2020-06-17,179.00,61.00,63.00,56.00,41.00,"0,200",,,,,,,
2020-06-18,180.00,62.00,63.00,56.00,41.00,"0,200",,,,,,,
2020-06-19,182.00,62.00,64.00,56.00,41.00,"0,200",,,,,,,
2020-06-20,182.00,62.00,64.00,56.00,41.00,"0,200",,,,,,,
2020-06-21,182.00,62.00,64.00,56.00,41.00,"0,200",,,,,,,
2020-06-22,182.00,63.00,64.00,56.00,42.00,"0,200",,,,,,,
2020-06-23,184.00,63.00,64.00,56.00,43.00,"0,200",,,,,,,
2020-06-24,184.00,63.00,64.00,56.00,43.00,"0,200",,,,,,,
2020-06-25,186.00,63.00,64.00,58.00,44.00,"0,200",,,,,,,
2020-06-26,187.00,63.00,64.00,58.00,44.00,"0,200",,,,,,,
2020-06-27,188.00,63.00,64.00,60.00,44.00,"0,200",,,,,,,
2020-06-28,190.00,64.00,65.00,64.00,44.00,"0,200",,,,,,,
2020-06-29,193.00,64.00,65.00,66.00,44.00,"0,200",,,,,,,
2020-06-30,193.00,64.00,65.00,66.00,44.00,"0,200",,,,,,,
2020-07-01,196.00,64.00,65.00,68.00,45.00,"0,200",,,,,,,
2020-07-02,196.00,64.00,65.00,68.00,45.00,"0,200",,,,,,,
2020-07-03,196.00,65.00,65.00,68.00,45.00,"0,200",,,,,,,
2020-07-04,200.00,65.00,65.00,69.00,45.00,"0,200",,,,,,,
2020-07-05,201.00,65.00,65.00,69.00,45.00,"0,200",,,,,,,
2020-07-06,204.00,66.00,65.00,72.00,47.00,"0,200",,,,,,,
2020-07-07,205.00,66.00,65.00,72.00,47.00,"0,200",,,,,,,
2020-07-08,205.00,66.00,65.00,72.00,47.00,"0,200",,,,,,,
2020-07-09,205.00,66.00,65.00,77.00,47.00,"0,200",,,,,,,
2020-07-10,205.00,67.00,65.00,77.00,47.00,"0,200",,,,,,,
2020-07-11,207.00,67.00,65.00,78.00,47.00,"0,200",,,,,,,
2020-07-12,210.00,71.00,67.00,78.00,47.00,"0,250",,,,,,,
2020-07-13,210.00,74.00,67.00,78.00,48.00,"0,250",,,,,,,
2020-07-14,210.00,75.00,67.00,78.00,48.00,"0,250",,,,,,,
2020-07-15,211.00,77.00,68.00,78.00,48.00,"0,250",,,,,,,
2020-07-16,211.00,77.00,68.00,78.00,48.00,"0,250",,,,,,,
2020-07-17,212.00,78.00,68.00,78.00,48.00,"0,250",,,,,,,
2020-07-18,212.00,78.00,68.00,79.00,48.00,"0,250",,,,,,,
2020-07-19,212.00,79.00,68.00,79.00,48.00,"0,250",,,,,,,
2020-07-20,212.00,79.00,68.00,79.00,48.00,"0,250",,,,,,,
2020-07-21,213.00,80.00,68.00,80.00,48.00,"0,250",,,,,,,
2020-07-22,213.00,80.00,68.00,80.00,48.00,"0,250",,,,,,,
2020-07-23,213.00,81.00,68.00,80.00,48.00,"0,250",,,,,,,
2020-07-24,213.00,81.00,68.00,80.00,48.00,"0,250",,,,,,,
2020-07-25,213.00,81.00,68.00,80.00,48.00,"0,250",,,,,,,
2020-07-26,215.00,84.00,69.00,82.00,51.00,"0,250",,,,,,,
2020-07-27,215.00,84.00,69.00,82.00,51.00,"0,250",,,,,,,
2020-07-28,216.00,84.00,70.00,82.00,51.00,"0,250",,,,,,,
2020-07-29,217.00,85.00,71.00,82.00,51.00,"0,250",,,,,,,
2020-07-30,219.00,85.00,71.00,82.00,53.00,"0,250",,,,,,,
2020-07-31,220.00,87.00,72.00,82.00,54.00,"0,250",,,,,,,
2020-08-01,220.00,87.00,73.00,82.00,55.00,"0,250",,,,,,,
2020-08-02,223.00,89.00,74.00,82.00,55.00,"0,250",,,,,,,
2020-08-03,227.00,89.00,75.00,82.00,55.00,"0,250",,,,,,,
2020-08-04,227.00,89.00,75.00,82.00,55.00,"0,250",,,,,,,
2020-08-05,229.00,89.00,76.00,83.00,55.00,"0,250",,,,,,,
2020-08-06,229.00,90.00,76.00,83.00,55.00,"0,250",,,,,,,
2020-08-07,230.00,91.00,78.00,84.00,55.00,"0,250",,,,,,,
2020-08-08,230.00,92.00,79.00,84.00,55.00,"0,250",,,,,,,
2020-08-09,230.00,92.00,79.00,84.00,55.00,"0,250",,,,,,,
2020-08-10,231.00,93.00,79.00,84.00,55.00,"0,250",,,,,,,
2020-08-11,233.00,93.00,79.00,84.00,55.00,"0,250",,,,,,,
2020-08-12,233.00,93.00,79.00,84.00,55.00,"0,250",,,,,,,
2020-08-13,234.00,94.00,79.00,84.00,55.00,"0,250",,,,,,,
2020-08-14,237.00,94.00,79.00,84.00,55.00,"0,250",,,,,,,
2020-08-15,239.00,94.00,80.00,84.00,55.00,"0,250",,,,,,,
2020-08-16,240.00,94.00,80.00,84.00,55.00,"0,250",,,,,,,
2020-08-17,240.00,95.00,80.00,84.00,55.00,"0,250",,,,,,,
2020-08-18,242.00,95.00,80.00,86.00,55.00,"0,250",,,,,,,
2020-08-19,242.00,96.00,80.00,86.00,55.00,"0,250",,,,,,,
2020-08-20,242.00,97.00,81.00,86.00,55.00,"0,250",,,,,,,
2020-08-21,242.00,97.00,81.00,86.00,55.00,"0,250",,,,,,,
2020-08-22,242.00,97.00,81.00,86.00,55.00,"0,250",,,,,,,
2020-08-23,242.00,97.00,81.00,86.00,55.00,"0,250",,,,,,,
2020-08-24,243.00,98.00,81.00,86.00,55.00,"0,250",,,,,,,
2020-08-25,243.00,98.00,81.00,86.00,55.00,"0,250",,,,,,,
2020-08-26,243.00,98.00,81.00,86.00,55.00,"0,250",,,,,,,
2020-08-27,243.00,98.00,81.00,86.00,55.00,"0,250",,,,,,,
2020-08-28,243.00,98.00,81.00,86.00,55.00,"0,250",,,,,,,
2020-08-29,247.00,98.00,81.00,86.00,55.00,"0,250",,,,,,,
2020-08-30,248.00,102.00,82.00,86.00,55.00,"0,250",,,,,,,
2020-08-31,249.00,105.00,82.00,86.00,55.00,"0,250",,,,,,,
2020-09-01,251.00,105.00,82.00,86.00,55.00,"0,250",,,,,,,
2020-09-02,254.00,106.00,83.00,87.00,55.00,"0,250",,,,,,,
2020-09-03,256.00,106.00,84.00,87.00,55.00,"0,250",,,,,,,
2020-09-04,258.00,106.00,84.00,87.00,55.00,"0,250",,,,,,,
2020-09-05,259.00,107.00,84.00,87.00,55.00,"0,250",,,,,,,
2020-09-06,261.00,108.00,84.00,88.00,55.00,"0,250",,,,,,,
2020-09-07,265.00,110.00,87.00,89.00,55.00,"0,250",,,,,,,
2020-09-08,269.00,113.00,90.00,90.00,55.00,"0,300",,,,,,,
2020-09-09,271.00,113.00,91.00,90.00,55.00,"0,300",,,,,,,
2020-09-10,273.00,113.00,91.00,90.00,55.00,"0,300",,,,,,,
2020-09-11,273.00,113.00,94.00,90.00,55.00,"0,300",,,,,,,
2020-09-12,275.00,113.00,94.00,90.00,55.00,"0,300",,,,,,,
2020-09-13,277.00,113.00,98.00,90.00,55.00,"0,300",,,,,,,
2020-09-14,280.00,113.00,99.00,90.00,55.00,"0,300",,,,,,,
2020-09-15,281.00,113.00,100.00,90.00,55.00,"0,300",,,,,,,
2020-09-16,281.00,113.00,100.00,90.00,55.00,"0,300",,,,,,,
2020-09-17,284.00,114.00,102.00,90.00,55.00,"0,300",,,,,,,
2020-09-18,284.00,115.00,105.00,91.00,55.00,"0,300",,,,,,,
2020-09-19,284.00,115.00,105.00,91.00,55.00,"0,300",,,,,,,
2020-09-20,285.00,115.00,106.00,91.00,55.00,"0,300",,,,,,,
2020-09-21,285.00,115.00,106.00,91.00,55.00,"0,300",,,,,,,
2020-09-22,286.00,115.00,106.00,91.00,55.00,"0,300",,,,,,,
2020-09-23,286.00,115.00,107.00,91.00,56.00,"0,300",,,,,,,
2020-09-24,287.00,115.00,108.00,91.00,56.00,"0,300",,,,,,,
2020-09-25,287.00,115.00,108.00,91.00,56.00,"0,300",,,,,,,
2020-09-26,287.00,115.00,108.00,91.00,56.00,"0,300",,,,,,,
2020-09-27,287.00,115.00,110.00,91.00,56.00,"0,300",,,,,,,
2020-09-28,290.00,115.00,110.00,91.00,56.00,"0,300",,,,,,,
2020-09-29,291.00,115.00,110.00,93.00,57.00,"0,300",,,,,,,
2020-09-30,292.00,118.00,116.00,93.00,57.00,"0,300",,,,,,,
2020-10-01,292.00,119.00,116.00,94.00,57.00,"0,300",,,,,,,
2020-10-02,292.00,119.00,116.00,94.00,57.00,"0,300",,,,,,,
2020-10-03,292.00,119.00,116.00,94.00,57.00,"0,300",,,,,,,
2020-10-04,292.00,119.00,116.00,94.00,57.00,"0,300",,,,,,,
2020-10-05,294.00,119.00,116.00,95.00,57.00,"0,300",,,,,,,
2020-10-06,296.00,120.00,117.00,96.00,57.00,"0,300",,,,,,,
2020-10-07,300.00,123.00,118.00,98.00,58.00,"0,300",,,,,,,
2020-10-08,301.00,124.00,118.00,98.00,59.00,"0,300",,,,,,,
2020-10-09,301.00,124.00,119.00,98.00,59.00,"0,300",,,,,,,
2020-10-10,301.00,124.00,119.00,98.00,59.00,"0,300",,,,,,,
2020-10-11,304.00,125.00,120.00,98.00,59.00,"0,300",,,,,,,
2020-10-12,310.00,129.00,131.00,99.00,61.00,"0,300",,,,,,,
2020-10-13,312.00,132.00,133.00,99.00,61.00,"0,300",,,,,,,
2020-10-14,312.00,132.00,134.00,100.00,61.00,"0,300",,,,,,,
2020-10-15,314.00,133.00,136.00,101.00,61.00,"0,350",,,,,,,
2020-10-16,315.00,134.00,138.00,102.00,62.00,"0,350",,,,,,,
2020-10-17,317.00,134.00,140.00,102.00,62.00,"0,350",,,,,,,
2020-10-18,318.00,134.00,141.00,108.00,63.00,"0,350",,,,,,,
2020-10-19,318.00,134.00,141.00,109.00,63.00,"0,350",,,,,,,
2020-10-20,319.00,134.00,142.00,109.00,63.00,"0,350",,,,,,,
2020-10-21,319.00,137.00,142.00,111.00,63.00,"0,350",,,,,,,
2020-10-22,320.00,140.00,143.00,113.00,64.00,"0,350",,,,,,,
2020-10-23,320.00,140.00,143.00,113.00,64.00,"0,350",,,,,,,
2020-10-24,321.00,141.00,144.00,114.00,64.00,"0,350",,,,,,,
2020-10-25,321.00,143.00,144.00,116.00,64.00,"0,350",,,,,,,
2020-10-26,325.00,143.00,145.00,117.00,64.00,"0,350",,,,,,,
2020-10-27,328.00,145.00,146.00,118.00,64.00,"0,350",,,,,,,
2020-10-28,332.00,145.00,146.00,124.00,66.00,"0,350",,,,,,,
2020-10-29,332.00,147.00,148.00,125.00,66.00,"0,350",,,,,,,
2020-10-30,334.00,148.00,149.00,128.00,66.00,"0,350",,,,,,,
2020-10-31,334.00,152.00,150.00,129.00,66.00,"0,350",,,,,,,
2020-11-01,334.00,155.00,153.00,130.00,66.00,"0,350",,,,,,,
2020-11-02,334.00,157.00,155.00,134.00,66.00,"0,350",,,,,,,
2020-11-03,334.00,159.00,158.00,135.00,66.00,"0,350",,,,,,,
2020-11-04,334.00,159.00,158.00,135.00,66.00,"0,350",,,,,,,
2020-11-05,334.00,159.00,158.00,135.00,66.00,"0,350",,,,,,,
2020-11-06,334.00,160.00,158.00,135.00,66.00,"0,350",,,,,,,
2020-11-07,334.00,160.00,158.00,135.00,66.00,"0,350",,,,,,,
2020-11-08,334.00,160.00,158.00,136.00,67.00,"0,350",,,,,,,
2020-11-09,335.00,160.00,158.00,136.00,67.00,"0,350",,,,,,,
2020-11-10,335.00,160.00,158.00,137.00,67.00,"0,350",,,,,,,
2020-11-11,338.00,160.00,158.00,139.00,68.00,"0,350",,,,,,,
2020-11-12,338.00,160.00,158.00,139.00,68.00,"0,350",,,,,,,
2020-11-13,338.00,160.00,158.00,139.00,68.00,"0,350",,,,,,,
2020-11-14,339.00,162.00,158.00,140.00,68.00,"0,350",,,,,,,
2020-11-15,343.00,165.00,158.00,140.00,68.00,"0,350",,,,,,,
2020-11-16,350.00,167.00,158.00,140.00,68.00,"0,350",,,,,,,
2020-11-17,350.00,167.00,158.00,140.00,68.00,"0,350",,,,,,,
2020-11-18,350.00,168.00,158.00,140.00,68.00,"0,350",,,,,,,
2020-11-19,350.00,168.00,158.00,140.00,68.00,"0,350",,,,,,,
2020-11-20,350.00,168.00,158.00,140.00,68.00,"0,350",,,,,,,
2020-11-21,352.00,168.00,158.00,142.00,68.00,"0,350",,,,,,,
2020-11-22,356.00,168.00,158.00,142.00,68.00,"0,350",,,,,,,
2020-11-23,357.00,168.00,158.00,142.00,68.00,"0,350",,,,,,,
2020-11-24,358.00,168.00,158.00,143.00,68.00,"0,350",,,,,,,
2020-11-25,358.00,168.00,158.00,143.00,68.00,"0,350",,,,,,,
2020-11-26,358.00,168.00,158.00,144.00,68.00,"0,350",,,,,,,
2020-11-27,361.00,168.00,158.00,145.00,68.00,"0,350",,,,,,,
2020-11-28,361.00,168.00,158.00,145.00,68.00,"0,400",,,,,,,
2020-11-29,361.00,168.00,158.00,145.00,68.00,"0,400",,,,,,,
2020-11-30,362.00,168.00,158.00,147.00,68.00,"0,400",,,,,,,
2020-12-01,364.00,168.00,158.00,147.00,68.00,"0,400",,,,,,,
2020-12-02,366.00,168.00,158.00,147.00,68.00,"0,400",,,,,,,
2020-12-03,366.00,168.00,158.00,147.00,68.00,"0,400",,,,,,,
2020-12-04,367.00,168.00,158.00,147.00,68.00,"0,400",,,,,,,
2020-12-05,368.00,169.00,158.00,147.00,68.00,"0,400",,,,,,,
2020-12-06,369.00,169.00,158.00,148.00,68.00,"0,400",,,,,,,
2020-12-07,369.00,169.00,158.00,148.00,68.00,"0,400",,,,,,,
2020-12-08,369.00,169.00,158.00,150.00,68.00,"0,400",,,,,,,
2020-12-09,370.00,169.00,158.00,150.00,68.00,"0,400",,,,,,,
2020-12-10,370.00,169.00,158.00,151.00,68.00,"0,400",,,,,,,
2020-12-11,371.00,169.00,158.00,152.00,68.00,"0,400",,,,,,,
2020-12-12,372.00,169.00,158.00,152.00,68.00,"0,400",,,,,,,
2020-12-13,374.00,169.00,158.00,154.00,68.00,"0,400",,,,,,,
2020-12-14,375.00,169.00,158.00,154.00,68.00,"0,400",,,,,,,
2020-12-15,376.00,169.00,158.00,154.00,68.00,"0,400",,,,,,,
2020-12-16,376.00,170.00,158.00,155.00,68.00,"0,400",,,,,,,
2020-12-17,377.00,170.00,158.00,155.00,68.00,"0,400",,,,,,,
2020-12-18,377.00,170.00,158.00,155.00,68.00,"0,400",,,,,,,
2020-12-19,379.00,170.00,158.00,156.00,70.00,"0,400",,,,,,,
2020-12-20,380.00,170.00,158.00,156.00,70.00,"0,400",,,,,,,
2020-12-21,380.00,170.00,158.00,156.00,70.00,"0,400",,,,,,,
2020-12-22,380.00,170.00,158.00,156.00,70.00,"0,400",,,,,,,
2020-12-23,380.00,170.00,158.00,157.00,70.00,"0,400",,,,,,,
2020-12-24,380.00,171.00,158.00,157.00,70.00,"0,400",,,,,,,
2020-12-25,382.00,171.00,158.00,157.00,70.00,"0,400",,,,,,,
2020-12-26,386.00,171.00,158.00,159.00,70.00,"0,400",,,,,,,
2020-12-27,386.00,171.00,158.00,159.00,70.00,"0,400",,,,,,,
2020-12-28,386.00,171.00,158.00,159.00,70.00,"0,400",,,,,,,
2020-12-29,386.00,171.00,158.00,159.00,70.00,"0,400",,,,,,,
2020-12-30,388.00,171.00,158.00,159.00,70.00,"0,400",,,,,,,
2020-12-31,388.00,171.00,158.00,159.00,70.00,"0,400",,,,,,,
2021-01-01,388.00,171.00,158.00,160.00,70.00,"0,400",,,,,,,
2021-01-02,388.00,171.00,158.00,160.00,70.00,"0,400",,,,,,,
2021-01-03,390.00,171.00,158.00,161.00,71.00,"0,400",,,,,,,
2021-01-04,390.00,171.00,158.00,161.00,71.00,"0,400",,,,,,,
2021-01-05,390.00,172.00,158.00,161.00,71.00,"0,400",,,,,,,
2021-01-06,391.00,172.00,159.00,162.00,71.00,"0,400",,,,,,,
2021-01-07,391.00,172.00,159.00,162.00,71.00,"0,400",,,,,,,
2021-01-08,391.00,172.00,159.00,162.00,71.00,"0,400",,,,,,,
,,,,,,"0,400",,,,,,,
,,,,,,"0,400",,,,,,,
,,,,,,"0,400",,,,,,,
,,,,,,"0,400",,,,,,,
,,,,,,"0,400",,,,,,,
,,,,,,"0,400",,,,,,,
,,,,,,"0,400",,,,,,,
