id,x,y,cluster_id
1231062039617060000,13.356698036193848,6.943556308746338,4
1212730938683200000,-37.34993362426758,4.14093017578125,6
1213145424795700000,1.8954713344573975,38.69607925415039,7
1213585005986950000,23.94068145751953,10.734567642211914,7
1213919480574810000,31.79574966430664,-4.921623229980469,6
1215247278631530000,2.188080072402954,6.43411111831665,4
1215457108327570000,-17.427085876464844,10.12995719909668,2
1215998705557470000,-16.228185653686523,3.8204264640808105,2
1216000651475460000,-12.80759048461914,-6.491952419281006,4
1216004241418040000,-17.4265193939209,5.666945457458496,2
1216211286108920000,-3.0807011127471924,-9.88244342803955,4
1216380599457450000,22.50388526916504,9.848203659057617,7
1216392879213550000,3.040999174118042,7.592221260070801,7
1216426942733380000,23.492145538330078,9.701726913452148,7
1216747422841490000,10.328754425048828,-9.606855392456055,8
1216748556561860000,-6.533095359802246,11.12756633758545,8
1216754098382520000,15.3253755569458,18.73362922668457,7
1216774903036330000,5.6405415534973145,1.5509241819381714,4
1217231373011860000,-30.206809997558594,-14.4076566696167,8
1217277670528110000,17.09690284729004,-36.88224411010742,8
1217469828656700000,-3.0191590785980225,12.491448402404785,6
1217838753810660000,27.488718032836914,6.361342906951904,7
1218195035646240000,6.613424777984619,17.560787200927734,4
1218297464941310000,-18.1351261138916,17.060680389404297,2
1218673508911400000,45.45659637451172,4.25748348236084,7
1219004689716410000,31.067588806152344,-11.071272850036621,0
1219066007731310000,-30.561813354492188,-18.562698364257812,8
1219330940461300000,44.66051483154297,10.742154121398926,7
1219435907775790000,-36.07868194580078,8.61837100982666,3
1219966918725070000,-7.288769721984863,-21.980493545532227,3
1220017667387440000,-1.9375847578048706,8.301072120666504,7
1220107185276900000,39.112396240234375,12.373191833496094,0
1220326789182030000,22.73063850402832,3.9743428230285645,6
1220326875882570000,-39.35041046142578,-3.278719663619995,3
1220328518288050000,13.208889961242676,12.174553871154785,7
1220328946736220000,-29.915512084960938,12.68808364868164,2
1220329778810680000,-10.001646041870117,11.117443084716797,2
1220410391668370000,17.832624435424805,-35.87101745605469,8
1220442676081960000,-14.057971954345703,-3.876420021057129,3
1220452340555300000,23.501577377319336,5.174021244049072,7
1220453267509050000,-38.92579650878906,12.747159957885742,2
1220732371919620000,-40.85712814331055,7.245373249053955,7
1220752219601080000,-14.539178848266602,11.78971004486084,2
1220886453053500000,9.572426795959473,6.527692794799805,4
1221070106043740000,19.687999725341797,23.289751052856445,4
1221075142404640000,-34.06228256225586,4.756485939025879,2
1221079753760830000,35.069332122802734,-22.63996124267578,5
1221140946320080000,-34.93001174926758,0.9093101620674133,3
1221255245117950000,-16.739421844482422,-2.2075564861297607,3
1221419910175300000,22.64211082458496,6.3387770652771,7
1221422761597390000,-22.269617080688477,2.4434878826141357,3
1221433469559100000,-34.322078704833984,13.264323234558105,3
1221454586717830000,38.03291320800781,-18.505523681640625,0
1221464712321340000,10.815509796142578,24.972335815429688,8
1221663763138580000,19.41782569885254,-31.797489166259766,6
1221663764971490000,-30.709043502807617,21.000465393066406,6
1222183788211470000,9.85982608795166,7.953281879425049,7
1222183788924500000,17.21772003173828,5.451789379119873,7
1222332975825790000,18.012210845947266,-36.800575256347656,8
1222344928530960000,8.919498443603516,-27.98457145690918,6
1222487526780340000,-11.056198120117188,-6.736276149749756,3
1222496715422430000,22.358694076538086,-8.046666145324707,4
1222503732501490000,28.400354385375977,-28.820077896118164,1
1222544696964260000,-34.402523040771484,12.248133659362793,3
1222670610867910000,0.9406957030296326,12.631637573242188,7
1222907250383240000,-3.7114477157592773,36.13335037231445,4
1222982067799120000,-11.221649169921875,-15.309575080871582,3
1223077157779460000,-19.497900009155273,17.98312759399414,2
1223082623351710000,14.30960464477539,-35.255577087402344,6
1223351951963960000,-22.36189842224121,5.442453861236572,2
1223381882902980000,-29.482810974121094,4.859797954559326,2
1223399034552930000,-6.73446798324585,14.360921859741211,2
1223595478773830000,18.590871810913086,18.975322723388672,7
1223602537200340000,2.0938048362731934,0.31051191687583923,4
1223834666031040000,-16.145458221435547,13.864133834838867,6
1223836174294440000,27.630884170532227,-27.030410766601562,8
1224377770983280000,23.938854217529297,6.649778366088867,8
1224685852133030000,-24.383840560913086,-5.777667045593262,2
1224699832901790000,-20.340559005737305,16.457725524902344,2
1225077274816470000,11.892288208007812,6.219728469848633,7
1225284559488580000,12.366945266723633,33.20970916748047,7
1225589260054590000,12.647778511047363,-36.48557662963867,1
1225839566197640000,12.933985710144043,-28.324758529663086,8
1226154000971680000,-6.0044450759887695,1.8359814882278442,4
1226166432431550000,10.984270095825195,7.674712657928467,7
1226214932494110000,4.375343322753906,8.50586223602295,4
1226219499847810000,27.48880958557129,6.357116222381592,7
1226222654019030000,7.879599094390869,3.791947603225708,7
1226514695579890000,2.7034502029418945,-12.912558555603027,4
1226594751132110000,37.66069793701172,-18.46453285217285,0
1226835190569410000,22.698448181152344,12.305806159973145,7
1226857034601110000,18.79500961303711,13.66781234741211,7
1227423392078400000,14.647550582885742,14.628055572509766,7
1227453711540260000,11.193886756896973,2.888352632522583,6
1227556935299450000,14.45205307006836,-7.43787145614624,6
1227661700264010000,-12.108254432678223,-0.7740421295166016,2
1228690354314120000,-12.7535400390625,-11.152714729309082,4
1228808910213130000,26.630184173583984,1.581885576248169,6
1229091017732780000,20.636825561523438,1.3027504682540894,7
1229756032693470000,2.0446510314941406,-11.452118873596191,4
1229835921777930000,8.188284873962402,-7.1796369552612305,4
1229875437485970000,27.303138732910156,-27.01595687866211,8
1229894633280260000,-0.43156543374061584,-16.55377769470215,4
1229897691590580000,-2.2606184482574463,-21.574914932250977,3
1230143683699170000,-2.619765520095825,-18.951969146728516,4
1230177751954380000,0.8695361018180847,3.9644038677215576,4
1230349601854500000,-35.76416778564453,19.507158279418945,2
1230611451431150000,14.733635902404785,-8.604007720947266,6
1230879049460760000,-25.877798080444336,-5.885387897491455,7
1230908583333590000,7.6238532066345215,-3.4950971603393555,6
1230979334237600000,-16.574169158935547,17.71917724609375,2
1231062038979410000,-1.2589893341064453,-3.9807169437408447,4
1231236777744250000,-28.096651077270508,-8.63826847076416,6
1231647192181460000,32.5790901184082,6.266129016876221,7
1231651294042970000,-14.05840015411377,-1.525064468383789,3
1231690059776130000,-17.51853370666504,-1.9081099033355713,3
1231709853816510000,-24.345844268798828,9.243245124816895,2
1231713123180000000,-26.330297470092773,2.536975860595703,2
1232130587324010000,16.030296325683594,5.5068511962890625,7
1232130591862240000,36.190494537353516,-12.667293548583984,6
1232155591537250000,7.704020023345947,-22.070993423461914,4
1232492832897650000,-11.683156967163086,12.654779434204102,3
1232652371832000000,-15.048494338989258,-13.726139068603516,3
1232657640515340000,5.470152854919434,-3.143299102783203,4
1232660469082660000,-6.25024938583374,-17.863201141357422,3
1233208695099660000,20.038644790649414,23.882648468017578,4
1233218304271160000,-4.5305352210998535,7.941930294036865,2
1233235705243010000,13.474788665771484,-11.106769561767578,0
1233256774964270000,-26.445266723632812,-17.696659088134766,4
1233266386291580000,-4.5063066482543945,7.819084644317627,2
1233273894032870000,-4.535277366638184,20.501724243164062,6
1233587771513500000,-23.32721519470215,-12.058961868286133,6
1233976658572560000,-1.3012038469314575,14.203773498535156,2
1234225268207890000,31.16282081604004,24.2827091217041,4
1234269356760100000,31.262008666992188,-20.31572151184082,0
1234462291652990000,-20.586299896240234,4.080855369567871,2
1234519726702950000,-3.7251217365264893,11.454792976379395,2
1234694301734580000,-30.756805419921875,-1.746035099029541,6
1235573492004900000,-20.00983428955078,-5.8092451095581055,6
1235596612099080000,-9.200650215148926,-1.5144317150115967,4
1235641895772130000,-22.590503692626953,-24.353355407714844,6
1235952805581440000,-4.370976448059082,-2.178452253341675,4
1236512499563990000,27.406448364257812,7.563505172729492,7
1236634209516750000,12.237344741821289,-7.996823787689209,4
1236689044366550000,37.79612731933594,-24.316673278808594,5
1236975196642390000,-2.037184715270996,16.24937629699707,6
1236978443042140000,15.815861701965332,4.187095642089844,2
1236980284744240000,7.281985759735107,6.001368999481201,7
1237004509156640000,0.4927918612957001,18.11814308166504,7
1237024551294380000,-25.000368118286133,17.144123077392578,2
1237239192222150000,4.035492897033691,6.307827949523926,4
1237384954004340000,-16.118473052978516,25.389543533325195,2
1237388340778780000,-7.569922924041748,3.017843246459961,3
1237745593876870000,-0.8374814987182617,-2.719024419784546,4
1237813081394340000,25.807348251342773,-5.279819965362549,1
1237861968721010000,34.4409065246582,-2.719022035598755,0
1237924658185460000,-10.531569480895996,20.714664459228516,2
1238292145242600000,-20.219385147094727,-20.405092239379883,6
1238626530361840000,-24.551191329956055,14.682202339172363,2
1238791333252390000,-7.632549285888672,-3.6722512245178223,4
1239201055315020000,15.413392066955566,-9.439413070678711,6
1239252169150410000,17.251850128173828,-30.593156814575195,6
1240243188708830000,-0.9417504072189331,1.064814567565918,3
1240269212871990000,-2.682290554046631,28.261789321899414,4
1241367245143640000,-13.176325798034668,-13.445173263549805,4
1241760294776560000,15.394953727722168,-17.428131103515625,4
1241929664987140000,-21.48994255065918,2.8313088417053223,2
1242095933296440000,27.391687393188477,-27.286367416381836,8
1242281185084140000,8.862600326538086,4.049416542053223,4
1242293340151870000,-7.180860996246338,-0.24785496294498444,4
1242403723932040000,-23.583885192871094,-10.57022476196289,4
1242528658767650000,-8.931999206542969,12.096773147583008,8
1242763375924390000,13.73949909210205,17.711759567260742,7
1242905328209080000,-4.94684362411499,12.788420677185059,2
1242929613262720000,31.250213623046875,5.3536553382873535,7
1243541556424040000,-22.95380210876465,-4.0221123695373535,2
1243545579063590000,11.16620922088623,-12.80305290222168,7
1243559373395410000,0.40432092547416687,1.5644299983978271,4
1243564774182560000,-24.378137588500977,2.3604230880737305,2
1243705647192990000,29.60903549194336,-25.43825912475586,5
1243755076214230000,3.1946637630462646,-5.235613822937012,4
1243759793103300000,22.6962833404541,12.30620002746582,7
1243873875047440000,-35.13346481323242,-13.848424911499023,7
1243878874922040000,17.64815330505371,11.518441200256348,7
1243878883931430000,16.482784271240234,39.09098815917969,8
1243904684257090000,21.89472007751465,27.72231674194336,8
1244301861781470000,-14.017102241516113,3.1432342529296875,3
1244306707536320000,-15.367987632751465,-13.257116317749023,3
1244309931874010000,5.528999328613281,-13.910177230834961,7
1244320704826310000,10.768844604492188,4.352160930633545,7
1244584449309890000,-29.741182327270508,23.080636978149414,6
1246452290891980000,-7.119797706604004,-10.235498428344727,4
1246454868199580000,0.13206656277179718,6.986814975738525,6
1246484589603880000,1.6690424680709839,-2.390657424926758,4
1246835160252800000,4.0657734870910645,-34.263919830322266,7
1247127098797530000,-15.9921236038208,-9.843070030212402,3
1247130183477460000,-17.080873489379883,20.442058563232422,2
1247149300175580000,8.49901294708252,11.32324504852295,7
1247185910673950000,15.341445922851562,18.764577865600586,7
1247545358705660000,-22.950016021728516,17.319690704345703,2
1247861952736520000,-22.811622619628906,28.730697631835938,2
1247868300647960000,-2.8677818775177,-18.970489501953125,4
1247897589996900000,-31.803993225097656,6.172782897949219,3
1247897591611680000,-3.371901273727417,-11.046011924743652,4
1247914464319500000,-18.42360496520996,28.0838623046875,2
1248333612212190000,26.58859634399414,-32.61598205566406,8
1248474879227090000,-3.705220937728882,-8.048134803771973,4
1248571384701370000,-13.639510154724121,-0.21577587723731995,3
1248574557616770000,-15.31786823272705,15.649203300476074,2
1248620923248200000,15.503852844238281,-25.432207107543945,8
1248637403893580000,6.022895336151123,22.00888442993164,4
1249046469618860000,10.189064025878906,-18.51015853881836,4
1249100658692640000,21.896211624145508,27.72222900390625,8
1249101675509370000,5.442729949951172,-23.154447555541992,0
1249369344540370000,-2.435223340988159,2.220395088195801,3
1249370410422090000,-2.068880796432495,-29.851123809814453,3
1249437936539630000,-4.481204032897949,-13.189375877380371,4
1249450614343500000,-4.724483966827393,4.192394733428955,3
1249462754257370000,-25.001407623291016,24.289527893066406,6
1249470237726080000,-28.017236709594727,-1.6690551042556763,2
1249505062554140000,21.1954345703125,-12.341333389282227,7
1249506799532860000,-17.535053253173828,26.75190544128418,2
1249519742093860000,10.991642951965332,25.099210739135742,8
1249712404260420000,18.11734962463379,-5.005344390869141,4
1249797383132760000,-9.853837013244629,-12.254486083984375,3
1250056263746160000,-27.940614700317383,8.679497718811035,2
1250834265471950000,-21.150760650634766,22.744041442871094,6
1251146022665040000,-14.13197135925293,19.449350357055664,2
1251353550703240000,-19.685632705688477,-10.830484390258789,4
1251355367671500000,-19.68535804748535,6.8105268478393555,2
1251561224120250000,1.8958386182785034,38.69622802734375,7
1251576806534250000,15.50528335571289,-25.429784774780273,8
1252260073839170000,-21.37959861755371,10.883172988891602,2
1252436473866970000,9.104055404663086,-12.616377830505371,6
1252547765332320000,5.106688976287842,7.037954330444336,7
1252552057170640000,-0.2065904140472412,-15.341350555419922,4
1252964030253310000,10.927478790283203,-24.564016342163086,4
1252964659960970000,0.42147818207740784,33.33708190917969,4
1253681801018600000,-33.020851135253906,-5.183924198150635,6
1253695275585220000,-12.07544231414795,-22.3696231842041,3
1253697625573990000,16.51938247680664,13.41236686706543,7
1254032243770730000,6.108597755432129,-11.705857276916504,4
1254064154954070000,-7.972378253936768,-5.787858963012695,4
1254145835450930000,22.37080955505371,-7.956744194030762,4
1254168730898170000,-13.499606132507324,-28.25433349609375,3
1254174221481240000,-9.851686477661133,-12.254290580749512,3
1254475682723300000,-2.8130745887756348,-14.419746398925781,4
1254479608617090000,-41.319305419921875,2.9632198810577393,6
1254479609472650000,5.348167419433594,-18.108837127685547,4
1254520890991210000,-22.08936309814453,22.668344497680664,2
1254520889212830000,-27.670270919799805,15.654520034790039,6
1254529069733100000,5.35174036026001,-18.100372314453125,4
1254564582020050000,-19.400157928466797,-2.6896839141845703,2
1254747293414300000,-13.7058687210083,1.8574496507644653,3
1254767509460230000,1.1597278118133545,-8.186171531677246,4
1254769296280030000,-34.86800765991211,8.000458717346191,3
1255105998471240000,7.903783321380615,-1.5391864776611328,6
1255484391364660000,25.189178466796875,2.505253791809082,6
1255708741950940000,16.296470642089844,19.851642608642578,7
1255714490554950000,-9.175583839416504,-19.516626358032227,3
1255825998521740000,11.064623832702637,-19.8107852935791,6
1255828428814770000,24.698448181152344,3.831754684448242,7
1255837215927780000,-14.921339988708496,-7.263151168823242,3
1255842713603380000,-25.25796890258789,7.946645736694336,2
1255861756741720000,-27.960580825805664,28.280242919921875,2
1256024228777850000,11.641135215759277,16.460498809814453,7
1256243856166850000,9.794975280761719,1.6805871725082397,4
1256687254703150000,21.796106338500977,-1.0890264511108398,0
1256702883199880000,41.855865478515625,-12.226770401000977,4
1256720284540980000,-17.921478271484375,9.75157642364502,2
1256915740432760000,10.369952201843262,-1.4647343158721924,4
1256954349491810000,-16.700883865356445,0.3619649410247803,4
1257041820124680000,33.4370002746582,-2.398176670074463,6
1257438733240090000,15.198197364807129,3.1606345176696777,3
1257714716492720000,26.71327018737793,1.080794334411621,6
1257715551729670000,-6.060166835784912,24.282358169555664,6
1258053124893340000,3.001207113265991,1.6401684284210205,4
1258448362409420000,-5.196024417877197,0.8992990851402283,7
1259147372984180000,-29.981788635253906,-7.108706951141357,7
1259450009734510000,-11.701416015625,-18.741662979125977,3
1259530309781110000,-25.462865829467773,-7.2656450271606445,7
1259675040314000000,2.67287540435791,3.231405258178711,4
1259835082040370000,-23.65690040588379,-9.001505851745605,4
1259842012632820000,-7.971881866455078,-5.788058757781982,4
1259852364326010000,7.992928981781006,8.494548797607422,2
1259867421676100000,2.6076173782348633,-1.9723823070526123,6
1259868955319170000,7.078102111816406,33.12290573120117,8
1260051164206330000,-29.63743019104004,18.161731719970703,6
1260155029253770000,-9.72893238067627,1.667292833328247,4
1260407831137820000,19.506595611572266,-24.866058349609375,0
1260554985881960000,15.006804466247559,-4.939968109130859,8
1261270085244790000,5.279268264770508,-7.368058204650879,4
1261270084644890000,27.058656692504883,30.182178497314453,4
1261470041221900000,-7.618288516998291,-13.728081703186035,4
1261500227493800000,-29.198423385620117,2.7708005905151367,2
1261645083704720000,43.8560676574707,19.04619026184082,4
1261650261862380000,6.2187018394470215,-22.227581024169922,4
1261672792484910000,10.888594627380371,4.4203081130981445,7
1262100489849700000,-28.69184684753418,-2.175640344619751,6
1262102825607350000,-12.294156074523926,0.3118272125720978,4
1262107694686760000,-3.843489646911621,18.802398681640625,6
1262128676889600000,23.052717208862305,17.332355499267578,7
1262156409128580000,18.737028121948242,-10.397440910339355,4
1262156808497630000,27.240842819213867,13.500940322875977,7
1262158229359990000,-8.926213264465332,7.311234474182129,4
1262205045359220000,2.7755186557769775,12.566267013549805,6
1262205049624820000,-5.477397441864014,-8.856858253479004,3
1262358453760260000,4.16427755355835,27.42564582824707,8
1262360032416540000,9.309775352478027,-12.49576473236084,6
1262787562206360000,-29.506006240844727,-1.3511600494384766,6
1262962414431150000,14.358061790466309,28.91773223876953,8
1263116055364460000,7.455561637878418,-22.098665237426758,8
1263537560829250000,-16.937517166137695,29.440471649169922,2
1263540859145940000,-34.172908782958984,16.29604721069336,2
1263841841654440000,21.417560577392578,-4.241186141967773,6
1263964474664520000,22.58814239501953,-8.160581588745117,4
1264715720837000000,13.909692764282227,-3.5301995277404785,8
1264717545787000000,-35.83570861816406,-8.970705032348633,6
1264734501961430000,1.7040144205093384,-8.601452827453613,4
1264891999116760000,-12.103617668151855,6.338512420654297,2
1264912066672040000,-5.597657203674316,-20.35755157470703,3
1264987006628740000,41.325538635253906,0.17901022732257843,7
1265296994056180000,13.200240135192871,1.1321231126785278,7
1265366452170820000,9.044431686401367,20.568801879882812,8
1265427538140180000,-22.24953269958496,9.03902530670166,2
1265466874583710000,35.43929672241211,-23.797542572021484,5
1265601611310730000,13.913570404052734,-3.5207159519195557,8
1265601615261820000,-30.951730728149414,7.776460647583008,3
1265604027678670000,20.772945404052734,-7.161440372467041,4
1265606608211660000,5.926007270812988,-32.342674255371094,6
1265633761024180000,-14.624631881713867,-6.041931629180908,3
1265985660898450000,-12.227448463439941,-16.058677673339844,3
1266434155543500000,2.698525905609131,-12.917985916137695,4
1266737385120960000,-20.22992706298828,11.52219009399414,2
1266777430016100000,-19.18182945251465,-3.6765379905700684,3
1266799941273350000,29.86519432067871,-21.145511627197266,0
1267124501361360000,9.839073181152344,23.709640502929688,8
1267132763116830000,4.722135066986084,-27.562759399414062,3
1267246821597940000,-23.705549240112305,19.895002365112305,2
1267666558178000000,-15.375061988830566,0.23321519792079926,3
1267973369351360000,24.960269927978516,-29.321544647216797,8
1268009894885630000,30.24959373474121,-6.852950096130371,8
1268037166946550000,-6.169776916503906,-29.516956329345703,3
1268136470415540000,38.07817459106445,-7.79174280166626,1
1268142181489020000,-8.74691390991211,-14.633102416992188,3
1268166288993630000,21.770742416381836,-21.456924438476562,0
1268167419132080000,-10.959874153137207,-9.274785041809082,3
1268494718394080000,-27.861846923828125,-18.899999618530273,8
1268497297702360000,-5.149282932281494,-4.853877544403076,4
1268635752214200000,13.200382232666016,7.041652202606201,7
1269071790015470000,3.7786436080932617,13.775357246398926,6
1269101156367760000,29.82263946533203,-15.697067260742188,0
1269617458354280000,-26.977319717407227,-8.727849960327148,8
1269733556865110000,10.944493293762207,-8.259571075439453,8
1269761532033930000,31.92453956604004,16.091400146484375,7
1269837128059450000,-26.304122924804688,17.60405921936035,2
1269970808329430000,-9.831134796142578,22.89232635498047,2
1269974605059550000,43.558982849121094,-2.029391288757324,7
1269976902665750000,-2.077965497970581,-6.9774603843688965,4
1270018789250400000,-9.664113998413086,21.443166732788086,2
1270071785392940000,14.72503662109375,-8.58864974975586,6
1270325223242500000,1.4280421733856201,-3.143611192703247,4
1270710492412150000,-39.352909088134766,-3.283085823059082,3
1270914092295950000,-19.55344581604004,-30.96231460571289,4
1270923257844300000,36.910545349121094,-5.739538192749023,1
1271142274416560000,10.606654167175293,-6.717928409576416,4
1271252020473630000,16.715469360351562,-3.10827374458313,6
1271409951248960000,-30.768232345581055,-15.05689811706543,8
1271766684517430000,30.474992752075195,10.437213897705078,7
1272000237809410000,20.858074188232422,-3.2062628269195557,2
1272266206691670000,20.75423240661621,1.5157437324523926,7
1272361820058200000,-12.830755233764648,22.966957092285156,2
1272529858501970000,-29.265872955322266,21.29034423828125,6
1273468029712700000,17.793672561645508,-19.9451961517334,7
1273665328514550000,-24.336288452148438,-4.1781415939331055,2
1273967324681330000,27.231216430664062,5.142533302307129,6
1273984211062570000,-0.5871269106864929,-19.164567947387695,4
1273985172472500000,-24.30462074279785,-4.197099685668945,2
1274075518565060000,-8.749774932861328,23.088794708251953,6
1274182502421310000,16.514806747436523,0.4576479196548462,7
1274366494185570000,26.26397132873535,10.460895538330078,7
1275210912077680000,-2.015505075454712,-1.637725830078125,4
1275379766959500000,1.4564204216003418,-13.231839179992676,4
1275438921552250000,-5.267224311828613,-11.22710132598877,4
1275438930276400000,-20.017295837402344,0.7058975100517273,3
1276173394053150000,-24.607364654541016,-15.686812400817871,8
1276183263774670000,11.832268714904785,-34.64163589477539,1
1276184906159270000,-20.159217834472656,-15.140891075134277,8
1276205726428320000,12.366443634033203,33.21162796020508,7
1276312029360540000,7.077976703643799,33.12282180786133,8
1276837074298120000,20.070545196533203,4.913486480712891,7
1276837073060860000,-1.894209384918213,20.764238357543945,8
1276967409925190000,-11.41728401184082,13.294686317443848,3
1277202159109530000,-8.800612449645996,-8.421025276184082,3
1277202162070750000,9.292937278747559,-12.800299644470215,6
1277204969561750000,-17.92607307434082,6.272281646728516,2
1277207355554510000,-23.3937931060791,0.4449145197868347,2
1277209892697310000,33.64459228515625,4.941845417022705,7
1277215720418480000,7.695849895477295,-17.20720863342285,6
1277426062922840000,-1.7200220823287964,4.760189533233643,4
1277429217190420000,18.734394073486328,-37.5125617980957,8
1277431695248180000,-6.168877601623535,-29.51251792907715,3
1277581155945020000,-12.3043212890625,-9.043994903564453,3
1277609254455770000,-16.413904190063477,20.880950927734375,2
1278136326647400000,-10.964167594909668,-9.27610969543457,3
1278146740240220000,-19.540042877197266,2.8333821296691895,3
1278279756987970000,-22.399829864501953,32.540889739990234,6
1278280574801780000,35.483028411865234,-24.486425399780273,5
1278284552679620000,-15.49116325378418,-16.198463439941406,3
1278287166754490000,33.07169723510742,15.987585067749023,7
1278299171523630000,22.687437057495117,17.313928604125977,7
1279282949175640000,34.31722640991211,-24.226749420166016,5
1279464993457660000,34.115047454833984,4.122181415557861,7
1279487627977250000,12.474824905395508,14.787273406982422,7
1279487628732250000,-5.598432540893555,-20.357269287109375,3
1279506043836530000,-2.9194087982177734,-3.661099672317505,4
1279890194653720000,-12.440762519836426,22.273197174072266,6
1279906540791770000,-14.133769989013672,19.447837829589844,2
1280115980090380000,-18.754497528076172,13.453296661376953,2
1280205902742780000,2.3118653297424316,-19.295000076293945,3
1280210947014110000,-15.520215034484863,37.473114013671875,3
1280232979781110000,-22.251996994018555,9.035988807678223,2
1280234064356790000,0.4210798442363739,33.336997985839844,4
1280234504985150000,43.55807113647461,-2.028409719467163,7
1280484878744790000,-2.6580634117126465,-18.732215881347656,4
1281236214646030000,-30.170543670654297,8.829862594604492,2
1281238367464800000,24.011783599853516,-6.386277198791504,7
1281238369050210000,-17.52850914001465,26.03167152404785,2
1281250565163530000,17.72841453552246,0.6802783012390137,7
1281250567373960000,-17.92782974243164,26.347877502441406,2
1281922216876220000,24.802309036254883,-25.068485260009766,8
1281923845222520000,44.1961555480957,19.094518661499023,4
1281924439748340000,39.143959045410156,4.638888359069824,6
1282113342082090000,27.867530822753906,14.9445161819458,7
1282129696382230000,10.199071884155273,-18.49332618713379,4
1282281745585500000,-22.070091247558594,12.342361450195312,2
1282286510390280000,17.293190002441406,8.194917678833008,6
1282641318460650000,-5.7494049072265625,-7.567835807800293,4
1282675421541280000,29.921415328979492,8.532562255859375,7
1282890085483060000,-2.6812260150909424,28.26079750061035,4
1283029342084350000,-20.24358558654785,1.4438520669937134,2
1283376421767910000,-29.919174194335938,-9.768593788146973,6
1283943240434160000,12.607924461364746,4.2651238441467285,7
1284282946850080000,-19.847686767578125,19.583087921142578,2
1284894845614600000,-20.320423126220703,13.869497299194336,2
1285524871666110000,-10.475322723388672,-19.521305084228516,3
1285540318503400000,-26.835172653198242,-18.191574096679688,8
1286332695023430000,-26.43575668334961,-4.758933067321777,2
1286990480102820000,-31.48324203491211,1.4487812519073486,2
1286994880808590000,-25.73543357849121,14.88052749633789,2
1287366627672160000,-17.140317916870117,26.49178695678711,2
1287373747180240000,2.5925939083099365,16.205842971801758,6
1287472054527190000,37.3480339050293,22.943334579467773,6
1287490820669610000,29.847904205322266,2.017519950866699,1
1287536846050820000,13.273594856262207,-2.2233686447143555,7
1287748921956200000,-27.831008911132812,31.47248649597168,2
1287945543642220000,19.832239151000977,33.52987289428711,3
1288520310531270000,0.11872170865535736,-0.5313273072242737,4
1288602262567150000,19.002832412719727,-1.9162601232528687,7
1288815049604290000,-23.6457576751709,-23.554933547973633,8
1288832830773100000,-26.633054733276367,14.30510425567627,2
1288932940337090000,5.561531066894531,-9.615303039550781,4
1289201326375800000,-2.240955352783203,-7.139491558074951,4
1289283987718820000,-6.630649566650391,20.36964225769043,6
1289284178127640000,-8.42394733428955,16.392236709594727,6
1289397528639790000,10.906777381896973,-15.657509803771973,8
1289731760838720000,23.65106964111328,-9.67044448852539,0
1289858922690620000,6.696055889129639,-7.949498176574707,4
1289870016272160000,14.569464683532715,-14.590079307556152,4
1289877179791110000,-7.50098991394043,15.093339920043945,2
1289887533250350000,14.148594856262207,-21.54066276550293,6
1290252674777130000,0.7791293263435364,-21.6575984954834,4
1290253369404090000,17.806480407714844,-6.6969380378723145,4
1290267685117460000,22.829204559326172,17.08904266357422,7
1290308363872530000,10.928107261657715,-24.56420135498047,4
1290692768675900000,-10.949651718139648,5.32261323928833,2
1290952940602130000,-22.52115821838379,-12.693807601928711,4
1290954271140210000,34.23297882080078,-25.77225112915039,5
1290967953542900000,33.590511322021484,7.796717643737793,7
1291012543419480000,4.722079753875732,-27.562753677368164,3
1291015075541780000,10.905324935913086,-15.657327651977539,8
1291166830946650000,-4.733105182647705,21.659320831298828,2
1291435765575170000,10.20871639251709,9.662585258483887,7
1291713214066180000,15.183801651000977,28.78972053527832,8
1292181029541870000,7.770565986633301,-33.245906829833984,6
1292628590425750000,-3.865727424621582,-16.558639526367188,3
1292837084152100000,27.891847610473633,-8.108698844909668,8
1293141671509650000,30.675973892211914,-20.38318634033203,0
1293163704188640000,-6.16878080368042,-15.737525939941406,3
1293869227036810000,5.710164546966553,-3.090641498565674,4
1294268813194800000,6.696671009063721,-7.944006443023682,4
1294307233094930000,44.660369873046875,10.742049217224121,7
1294307234017680000,-7.04493522644043,-25.396482467651367,4
1294308655718960000,-30.76019287109375,15.548640251159668,2
1294309253717590000,-35.76803207397461,19.511314392089844,2
1294309521922430000,36.92024230957031,-5.869907379150391,1
1294346904629800000,-24.37888526916504,-1.6599667072296143,2
1294348702987890000,-23.853273391723633,13.29542350769043,2
1294601307068730000,-38.271907806396484,-1.3746451139450073,3
1294726999982960000,-7.777287483215332,-10.768195152282715,2
1294727270159060000,-5.960885524749756,-13.123344421386719,4
1295050523742170000,-21.864965438842773,-8.256914138793945,4
1295679412365590000,16.515649795532227,0.4586928188800812,7
1295680975184310000,-30.561742782592773,-3.398247480392456,6
1295699653753740000,-14.587963104248047,-13.326872825622559,3
1295777044765140000,-15.198270797729492,17.090482711791992,6
1295792201134250000,-3.5464797019958496,14.040562629699707,6
1295855291523720000,-27.907075881958008,10.57835865020752,2
1295930978582560000,-1.9112378358840942,-35.01071548461914,7
1296084723165470000,-40.494503021240234,13.0731201171875,2
1296092859226040000,5.169926643371582,4.250842094421387,3
1296104752284080000,2.396827459335327,15.584071159362793,6
1296597150181330000,-18.20090103149414,12.06147575378418,2
1296608655228500000,-15.645376205444336,-4.643362998962402,2
1296636041017920000,8.496200561523438,12.99024486541748,7
1297130026857620000,-11.854246139526367,-21.945932388305664,3
1297132096448860000,27.73636817932129,19.12346076965332,7
1297135664069210000,-39.35674285888672,14.734746932983398,2
1297138033918170000,-10.385000228881836,3.7930033206939697,2
1297275235432000000,-18.502525329589844,14.911141395568848,6
1297293860754810000,-18.113798141479492,2.4719226360321045,3
1297495295266350000,0.7065779566764832,13.634489059448242,7
1297706044236470000,-40.299556732177734,14.254199028015137,2
1297918034045100000,-28.219316482543945,31.425809860229492,2
1297922993021040000,-24.510419845581055,3.9172918796539307,2
1298307828789190000,36.07023620605469,1.1592282056808472,6
1298404245629280000,-27.17713737487793,-13.220890045166016,8
1298637609871210000,-27.810890197753906,22.63196563720703,6
1299121427879270000,-26.902366638183594,-15.028592109680176,8
1299124203552210000,-7.203154563903809,4.184839248657227,2
1299133174564490000,-23.541122436523438,6.921627044677734,2
1299561148493240000,12.565378189086914,-4.847999572753906,8
1299673322775610000,-25.40313720703125,3.4276371002197266,2
1299676445128760000,-9.14974594116211,18.86578369140625,2
1299678590750140000,-6.284219741821289,-2.2846670150756836,4
1299681573713960000,4.961297512054443,-20.163541793823242,0
1299732423207300000,27.19329071044922,-12.079647064208984,8
1299875840830910000,31.31660270690918,-29.51833724975586,8
1299893494669090000,-5.846902370452881,-4.992826461791992,4
1300426765496720000,27.22806739807129,-23.250673294067383,0
1300811758051950000,15.375991821289062,-15.98686695098877,4
1300815396950470000,5.040938377380371,0.2182922214269638,2
1300913237869750000,21.736520767211914,-12.98223876953125,0
1300983667561560000,-13.499809265136719,-28.254419326782227,3
1301090370508460000,37.795650482177734,-24.316831588745117,5
1301092327017140000,-1.7198759317398071,4.757199287414551,4
1301097177054350000,28.739011764526367,-2.331613063812256,7
1301538617005870000,12.614270210266113,-10.177416801452637,8
1301540878381700000,-11.585441589355469,-22.692764282226562,3
1301710819349200000,-4.487743377685547,-13.196480751037598,4
1301893907295370000,-11.22539234161377,-15.313055038452148,3
1302087414031290000,-20.23006820678711,-20.394119262695312,6
1302554416088830000,-13.240277290344238,-4.8519697189331055,3
1302559362771290000,3.9957916736602783,-12.89967155456543,4
1302585109246280000,-27.559492111206055,20.172008514404297,2
1302601868313530000,3.235654592514038,-4.457266330718994,4
1302675943241190000,12.768627166748047,-35.60749053955078,1
1302769466804250000,5.592913627624512,-2.826115608215332,4
1303012637064800000,20.647167205810547,-18.025392532348633,7
1303103464323640000,-22.774065017700195,23.42154312133789,3
1303105851130080000,-16.03376007080078,-6.302380084991455,3
1303147729049320000,21.037324905395508,6.5799055099487305,7
1303296282170200000,-20.939672470092773,-8.560957908630371,4
1303301026095730000,33.41893005371094,-22.95403289794922,5
1303301563868470000,5.634544372558594,1.5341668128967285,4
1303301816772320000,14.148828506469727,-21.54080581665039,6
1303313054281660000,-16.500463485717773,28.19642448425293,2
1303322616078500000,-1.301565170288086,-3.969308853149414,4
1303368656680740000,15.398347854614258,-0.6401620507240295,4
1303371151792510000,5.345863342285156,11.603257179260254,7
1303390488175590000,-28.345592498779297,1.7529206275939941,2
1303404366687240000,28.407146453857422,2.755486011505127,7
1303562581643350000,45.45683670043945,4.257460117340088,7
1303832551241410000,3.763868570327759,-17.17268180847168,6
1303843243277400000,2.733253002166748,-23.807920455932617,0
1303860823975170000,23.3055362701416,-24.846487045288086,4
1304033005191690000,25.810199737548828,-15.717690467834473,8
1304042651147280000,-14.631159782409668,-6.045091152191162,3
1304055016731420000,0.5826749205589294,-5.482769966125488,4
1304060630656310000,1.3706536293029785,9.758048057556152,7
1304612235130680000,0.12171145528554916,-0.527381420135498,4
1304875170860010000,-4.739842414855957,9.299505233764648,2
1304902445554780000,21.013460159301758,6.562094688415527,7
1304936900327640000,-29.934173583984375,-29.239238739013672,3
1305134517707920000,1.804198980331421,-8.119388580322266,4
1305496062275110000,-12.560669898986816,7.755397319793701,2
1305553036769540000,0.8196659088134766,-26.12132453918457,4
1305606787362500000,1.306419014930725,-7.793067455291748,4
1305866347197450000,10.725871086120605,4.318345069885254,7
1306239033891310000,-23.00503158569336,7.2747955322265625,2
1306562791894120000,-26.253915786743164,-2.633734941482544,2
1306564340972220000,2.825944423675537,-4.857297420501709,4
1306565405968920000,39.111331939697266,12.38286018371582,0
1306566773739850000,-19.87603759765625,9.308832168579102,3
1306657201235410000,-28.81829833984375,-5.541242599487305,6
1306662932714000000,1.203147292137146,11.59711742401123,7
1306695488167710000,-13.737679481506348,5.817716598510742,2
1306738755894560000,18.564224243164062,17.302440643310547,7
1306971776199650000,9.212410926818848,13.701923370361328,7
1307091601790040000,5.1627397537231445,10.656769752502441,7
1307668705464150000,9.1365327835083,-4.626101016998291,4
1308400185287090000,-7.590494632720947,4.909730911254883,2
1308479201088080000,-8.827103614807129,-17.03282356262207,3
1308769687950540000,9.769251823425293,26.512969970703125,8
1308960421211250000,30.563383102416992,-16.047441482543945,0
1309169908358540000,-24.315383911132812,18.671655654907227,2
1309314144663980000,22.48084831237793,-16.129301071166992,7
1309448549294270000,-9.335760116577148,-5.843291759490967,3
1310587468731870000,14.713151931762695,28.450185775756836,8
1310587470090730000,39.08924865722656,13.57636833190918,0
1310789161948000000,27.058719635009766,30.18238639831543,4
1310791096138700000,6.958246231079102,-15.1052885055542,6
1311050456383330000,-5.786235332489014,-7.553934574127197,4
1311051647687300000,34.899085998535156,6.1694655418396,7
1311371720436190000,-10.163590431213379,24.730358123779297,2
1311414741907110000,-5.204926013946533,0.3084772825241089,4
1311492120826440000,9.04455280303955,20.568073272705078,8
1311787312980930000,-23.878841400146484,-14.678105354309082,8
1311892190680010000,-0.5728486776351929,-11.385069847106934,4
1313074061757550000,24.935972213745117,-29.278011322021484,8
1313183801732890000,-13.384608268737793,-22.81068992614746,3
1313236041315370000,-17.53423309326172,5.549609184265137,2
1313236039725640000,-37.1484260559082,-9.909737586975098,1
1313243541959730000,21.250774383544922,-21.21161651611328,0
1313266827653410000,-4.730830192565918,4.178711414337158,3
1313445293912920000,-28.360843658447266,-3.331726551055908,6
1313510118437390000,-0.26518312096595764,-7.83262825012207,4
1313529166265020000,-19.55353546142578,-30.962247848510742,4
1313551795646540000,2.833749294281006,23.651933670043945,6
1313584866932520000,-2.0829381942749023,-7.0143961906433105,4
1313624267842560000,-15.961709022521973,14.737525939941406,2
1313641120853880000,14.604705810546875,13.105085372924805,7
1313652020641950000,25.175125122070312,-30.95473861694336,8
1313658825040370000,43.97229766845703,19.34170913696289,4
1313661368856450000,33.6376953125,8.44302749633789,7
1313664886648580000,26.473400115966797,-8.428457260131836,8
1313817202404000000,-31.475069046020508,-4.714130401611328,6
1313846197162070000,-3.7113938331604004,36.13325500488281,4
1313848232716520000,23.995086669921875,13.375432968139648,7
1313852035087950000,7.138409614562988,6.42698335647583,2
1313854465276080000,-19.387449264526367,4.361177444458008,2
1313863059019050000,15.38119888305664,-15.971014022827148,4
1313985879220850000,-22.5867977142334,-5.843127727508545,2
1314234952612020000,10.712125778198242,25.17827796936035,8
1314377608470150000,7.169061660766602,9.07197093963623,7
1315106212543970000,-28.943559646606445,7.449938774108887,3
1315311656776400000,33.32997512817383,-12.694053649902344,0
1315312941449740000,-21.46459197998047,-1.523996114730835,2
1315417973591540000,-4.247412204742432,-23.195850372314453,4
1315469486821120000,27.418821334838867,19.052066802978516,7
1315621458056530000,1.9608674049377441,-15.057543754577637,4
1315638896550570000,-25.320919036865234,-15.204017639160156,8
1315652617863860000,-3.472320795059204,29.06229019165039,3
1315654125640730000,-1.9955852031707764,11.930667877197266,6
1315657598235010000,-7.778900623321533,13.857954978942871,6
1315659219287310000,-29.29020881652832,-13.132579803466797,8
1315735543003720000,34.702266693115234,-16.985910415649414,1
1315741721142140000,-14.092632293701172,7.900511741638184,2
1315778779097100000,-37.503597259521484,10.456077575683594,2
1315835095148900000,4.000229835510254,-39.980690002441406,6
1315871589129490000,12.323983192443848,9.8272123336792,7
1315983317620210000,-33.0611457824707,3.5707027912139893,2
1316146752685170000,7.468746662139893,0.88295578956604,4
1316181929440360000,-33.31344985961914,12.029452323913574,3
1316501350658700000,25.847158432006836,-15.39248275756836,8
1316558554732530000,25.972597122192383,-20.752233505249023,8
1316580278568020000,-22.190536499023438,-18.656517028808594,6
1316587911349920000,18.566850662231445,17.291034698486328,7
1316821530769140000,-0.6984241008758545,-10.095480918884277,4
1316839129833900000,31.162609100341797,24.28261947631836,4
1317053924096990000,14.85455322265625,29.285146713256836,8
1317078386225890000,38.14237594604492,-4.357589244842529,1
1317544121112860000,-9.597371101379395,33.93422317504883,4
1317602778525520000,-9.202438354492188,-1.5144712924957275,4
1317652894678600000,-18.75065040588379,13.443259239196777,2
1317652898910670000,17.2714900970459,-30.845186233520508,6
1317822838519120000,8.396689414978027,15.057333946228027,7
1317852810302550000,-8.827502250671387,-17.033199310302734,3
1317858680461660000,18.756914138793945,-14.726844787597656,4
1317891781648770000,0.8686447739601135,3.9587714672088623,4
1317959831081250000,24.618295669555664,-2.4284300804138184,6
1318003668768020000,-22.056236267089844,-11.39148235321045,2
1318675787973840000,-5.397060394287109,-17.065641403198242,3
1318886369650000000,-15.520223617553711,37.473541259765625,3
1319017749931310000,-9.16193675994873,-20.90056610107422,3
1319078636134300000,-30.704788208007812,20.997358322143555,6
1319092938412930000,10.602676391601562,14.697516441345215,7
1319274192211240000,-18.784568786621094,-0.2706320881843567,3
1319310134494050000,24.922447204589844,-2.1640524864196777,6
1319822456480100000,-9.505763053894043,-4.043164253234863,3
1320016181734990000,-12.806561470031738,-6.4917120933532715,4
1320035912831660000,-7.0457587242126465,-25.398813247680664,4
1320345820819050000,-26.598186492919922,-1.6469626426696777,2
1320392607302770000,-26.781898498535156,6.917267799377441,2
1320506563711410000,31.31718635559082,-29.518383026123047,8
1320689314506960000,20.011106491088867,-3.945021629333496,7
1320690788628590000,2.1677727699279785,1.5434774160385132,4
1320691630043720000,34.47502899169922,6.876421928405762,7
1320708386476990000,37.533424377441406,3.4170422554016113,6
1320711322284280000,28.683134078979492,-1.9770569801330566,7
1321042229838900000,-12.066160202026367,6.361001014709473,2
1321051933654860000,5.512484550476074,2.8301804065704346,4
1321078919924200000,-11.707369804382324,-18.739139556884766,3
1321126626298630000,31.73505973815918,-8.451725006103516,6
1321233661765690000,21.484588623046875,9.839286804199219,7
1321277677269990000,19.067371368408203,11.182354927062988,7
1321430459050380000,-11.304305076599121,-22.25678062438965,3
1321472358830400000,-33.178993225097656,26.91355323791504,2
1321490288204930000,-21.810819625854492,0.2670927941799164,3
1321491143457040000,11.140591621398926,12.349549293518066,7
1321525645386540000,-30.982622146606445,-17.0089168548584,8
1321559619399860000,10.965811729431152,-8.2905855178833,8
1321568122017510000,26.51506805419922,-32.507633209228516,8
1321596126001190000,32.814353942871094,1.902775764465332,7
1321856046974050000,3.584620714187622,-4.8849639892578125,4
1321862566063140000,-5.227716445922852,16.50606918334961,2
1321906133980750000,-29.938079833984375,10.129826545715332,2
1321965155509390000,-3.31888484954834,-6.121903419494629,4
1321966078638100000,18.28844451904297,7.55000638961792,7
1322252823136890000,-17.538158416748047,-23.73194694519043,2
1322253501573980000,25.844303131103516,-11.678135871887207,4
1322254453156710000,4.084841251373291,-34.24537658691406,7
1322334801374830000,30.62683868408203,5.333302974700928,7
1322556105558380000,-7.733335494995117,9.319567680358887,2
1322926715576970000,13.199260711669922,1.1303744316101074,7
1322930983725890000,3.44931697845459,18.872554779052734,7
1322954692176030000,38.16621017456055,3.832038402557373,6
1323116444201160000,-16.692527770996094,7.1720147132873535,2
1323330590867860000,31.740480422973633,-8.445917129516602,6
1323330597813730000,16.517641067504883,-32.066802978515625,6
1323340413579720000,-0.9854618310928345,-4.102383136749268,4
1323342308922840000,30.004419326782227,-9.764143943786621,8
1323375343571500000,11.783143043518066,13.35140323638916,7
1323424722911170000,-7.878958225250244,-7.462343692779541,4
1324386685858280000,0.4856301248073578,-15.331502914428711,4
1324612560646260000,-10.754388809204102,2.794408082962036,2
1325442336957010000,32.329837799072266,5.51171350479126,7
1325511603157150000,-18.979520797729492,-14.955728530883789,8
1325859406349790000,-2.6854190826416016,-12.986956596374512,4
1325889532840060000,-11.0117826461792,7.252535820007324,2
1325962203346970000,33.695438385009766,0.3864520490169525,7
1326304091035880000,17.558977127075195,-37.47853469848633,8
1326348976531130000,20.4901180267334,1.6218782663345337,7
1326519025552260000,16.48290252685547,39.091060638427734,8
1326525851752650000,27.73963737487793,13.98321533203125,7
1326673298692970000,-20.132781982421875,-15.129712104797363,8
1327103335195930000,-8.778105735778809,-38.5303955078125,7
1327279929319430000,-26.479415893554688,9.682785034179688,2
1327633164823610000,-8.91395378112793,-37.14160919189453,7
1327638503883230000,-2.442227840423584,-9.955135345458984,4
1327708998662020000,14.281949043273926,8.820669174194336,7
1327724046595840000,33.74198913574219,-8.274519920349121,1
1327836670742450000,11.652018547058105,-18.201915740966797,6
1327838908089060000,19.0598087310791,11.186527252197266,7
1327840088731020000,-29.935386657714844,-29.23946189880371,3
1327956491056270000,30.70061683654785,25.26874542236328,6
1327979630477920000,26.100269317626953,-15.602570533752441,8
1328152462331690000,-32.02289581298828,8.665634155273438,3
1328152465016020000,-26.216400146484375,12.880953788757324,2
1328152466752490000,25.845666885375977,-11.677577018737793,4
1328324377168010000,34.73777389526367,-23.7474422454834,5
1328338241284610000,-23.55743408203125,-10.607799530029297,4
1328359565574990000,-3.7033307552337646,20.20088005065918,6
1328361451497660000,-28.054489135742188,31.758678436279297,2
1328370030678040000,1.2076752185821533,-29.433805465698242,2
1328852354049950000,21.51561164855957,-9.353041648864746,0
1328856932011160000,-14.61493968963623,12.249297142028809,2
1329093126238200000,-28.541872024536133,-23.138795852661133,8
1329404785083230000,-33.17887496948242,26.913349151611328,2
1329463691205620000,3.938316583633423,-7.729774475097656,4
1329521429575040000,-39.05396270751953,12.7611722946167,2
1330137267680180000,15.781810760498047,10.878729820251465,7
1330259856662650000,32.48094177246094,-3.0563814640045166,7
1330278689200850000,10.081925392150879,-1.296120047569275,4
1330282078223680000,25.972780227661133,-20.752702713012695,8
1330288302663060000,19.016407012939453,3.595637559890747,3
1330323589170660000,27.98082733154297,11.517075538635254,0
1330325425667620000,-10.822155952453613,-3.368257761001587,3
1330487246236020000,-24.398012161254883,5.047333717346191,2
1330499656003030000,-14.838248252868652,-12.879680633544922,3
1330555645213480000,-27.961458206176758,28.280975341796875,2
1330732289018500000,8.908878326416016,27.471755981445312,8
1331086969183620000,-30.972475051879883,-19.596542358398438,8
1331750037777510000,-19.551664352416992,-6.645520210266113,6
1332169753004220000,-22.811752319335938,28.730741500854492,2
1332175155104240000,-0.23840488493442535,-13.641904830932617,4
1332317394165960000,-12.753366470336914,-11.155169486999512,4
1332349861774150000,10.118441581726074,-1.5335650444030762,4
1332407714304110000,-26.552907943725586,6.112545013427734,2
1332773351018940000,1.348875880241394,-17.754459381103516,4
1333220661670580000,-0.6960132718086243,-10.075353622436523,4
1333243285389910000,-17.729293823242188,16.963077545166016,2
1333464453778700000,-32.766441345214844,-8.605083465576172,6
1333558773152160000,-31.087413787841797,-19.88327980041504,8
1333771177005860000,-6.582697868347168,6.249959468841553,2
1333856259662070000,37.88132095336914,-18.17109489440918,0
1333969204412860000,-10.627267837524414,28.934783935546875,3
1333979211745340000,6.877966403961182,-5.095044136047363,6
1333986142157490000,6.364759922027588,14.458532333374023,7
1334520681212630000,-27.814430236816406,22.633420944213867,6
1334949289160740000,19.237037658691406,-10.432999610900879,7
1335281344302100000,13.873719215393066,19.458463668823242,0
1335336916582080000,21.92383575439453,13.45172119140625,6
1335413770139540000,-26.992799758911133,8.0897798538208,2
1335467992419880000,17.83678436279297,15.425171852111816,7
1335679426516880000,-16.1872615814209,10.02929973602295,6
1335716932604070000,24.31583595275879,21.342201232910156,8
1336148836495060000,-0.3550449311733246,24.276548385620117,3
1336322408970550000,18.52882957458496,-36.346431732177734,8
1336686867656350000,-9.597013473510742,33.935264587402344,4
1336730906107760000,-8.912827491760254,-37.149658203125,7
1337052585547750000,4.092200756072998,19.5495548248291,7
1337220913528530000,36.19245147705078,-12.667673110961914,6
1337379719872970000,17.806264877319336,-6.704562187194824,4
1337400706551120000,-12.970904350280762,3.950155258178711,3
1337617458962810000,34.7391471862793,7.492254257202148,7
1337745268591250000,9.520720481872559,-3.3148062229156494,4
1338145479725630000,17.17693519592285,-36.166786193847656,8
1338145849784870000,-6.301684856414795,16.892112731933594,2
1338246163368040000,-26.54479217529297,1.054360032081604,2
1338254785666040000,-1.682767391204834,-24.295021057128906,4
1338254787020780000,17.29047393798828,-12.322736740112305,4
1338347204440950000,-21.71344566345215,5.179747581481934,2
1338483200046350000,-15.991101264953613,-9.844083786010742,3
1338718081443620000,-22.611207962036133,-24.33763313293457,6
1339013823282490000,19.084455490112305,-15.69013500213623,8
1339198867275980000,3.8187222480773926,-15.500162124633789,4
1339585047481910000,31.92264747619629,16.09313201904297,7
1339709639584330000,-24.219587326049805,10.58625602722168,2
1339912692736400000,-3.077576160430908,-0.09452410042285919,4
1340333619299140000,37.348262786865234,22.943153381347656,6
1340333618691000000,20.726078033447266,24.60833740234375,6
1340376176695630000,15.309643745422363,15.46835994720459,7
1340523944680580000,-27.35930061340332,4.680434226989746,2
1341405487057820000,-27.783313751220703,-10.445876121520996,8
1341885394124600000,15.588247299194336,6.7009968757629395,7
1342209260026020000,-14.578030586242676,13.286012649536133,6
1342245390540800000,-0.9160333275794983,10.117518424987793,7
1342555377951510000,-10.909411430358887,-24.78143310546875,3
1342556287872230000,-3.729029655456543,-27.080533981323242,0
1342826019745640000,-12.839151382446289,17.185888290405273,2
1342830505163700000,0.784626841545105,-21.662004470825195,4
1342832582606590000,28.92159080505371,-3.3846921920776367,6
1342974370822690000,-28.359764099121094,-6.132514476776123,6
1342974375008600000,-6.34813117980957,-30.66806983947754,0
1342974373632870000,-34.224388122558594,-2.628037214279175,6
1343919653068940000,-21.150318145751953,6.487876892089844,2
1343998076084740000,-11.27780532836914,10.186685562133789,2
1344259406511430000,34.88703536987305,-24.63597297668457,5
1344394741031510000,-37.33121109008789,23.927152633666992,6
1344397397280080000,-41.6413459777832,12.4093017578125,2
1345149555390770000,3.5195863246917725,-10.789871215820312,4
1345160427337080000,-22.714941024780273,15.30093002319336,2
1345720107255920000,16.619802474975586,-12.713366508483887,3
1345723944654020000,-25.768810272216797,-10.466215133666992,8
1345749709592340000,8.276371002197266,-9.715497970581055,8
1345803569438590000,26.262746810913086,10.461523056030273,7
1346578706437960000,-10.530847549438477,15.87973690032959,2
1346580318745200000,9.488109588623047,8.375370025634766,2
1346805405998070000,12.735815048217773,24.21786880493164,4
1346808075626420000,29.921207427978516,8.533759117126465,7
